,Дата,Менеджер,Звонков совершено,Звонков успешных,Средняя длительность звонка,"Время на линии за день, минут",Количество активных сделок,Количество сделок без задач,Количество просроченных задач,Сделок создано,Встреч назначено,"Кол-во компаний, перешедших на сл этап сделки",Подписано NDA,Подписано договоров,Звонков всего,Разговор состоялся,Говорили с секретарем,Обход секретаря совершён,Секретарь перевел звонок,Контакт получен,Говорили с ЛПР,ЛПР заинтересован,Встреча назначена,Договорились подписать НДА,Договорились подписать Договор,договорились показать кандидатов,кол-во выявл потребн (чел),Нас отправили на почту (КП)
0,2021-12-08,daaa308c,52,31,1:15,,,,,12,1,3,0,0,52,24,15,8,,11,14,,1,3,4,,,6
1,2021-12-08,8070911f,29,22,1:11,,,,,12,0,0,0,0,29,13,13,,,,8,,1,,,,,5
2,2021-12-08,dce5a5e0,44,32,2:04,,,,,27,1,4,0,0,44,24,13,3,,9,5,,3,1,1,,,8
3,2021-12-09,daaa308c,51,32,1:20,,,,,13,1,1,0,0,51,28,19,6,,7,8,,1,3,1,,0,0
4,2021-12-09,8070911f,24,17,1:36,,,,,11,1,0,0,0,24,13,13,1,,0,5,,1,0,0,,2,8
5,2021-12-09,dce5a5e0,51,36,2:04,,,,,34,0,8,0,0,51,25,20,4,,9,12,,0,0,0,,0,14
6,2021-12-10,daaa308c,36,20,,,,,,1,,0,0,0,36,20,14,2,,1,2,,0,1,1,,0,6
7,2021-12-10,8070911f,34,16,,,,,,0,,0,0,0,34,16,16,2,,1,8,,0,0,0,,0,8
8,2021-12-10,dce5a5e0,45,24,,,,,,27,0,2,0,0,45,24,19,0,,1,3,,0,0,0,,0,11
9,2021-12-13,daaa308c,36,22,,,,,,1,,3,0,0,36,22,15,4,,3,6,,0,0,0,,0,6
10,2021-12-13,8070911f,30,19,,,,,,8,0,0,0,0,30,19,17,2,,2,8,,0,0,0,,0,9
11,2021-12-13,dce5a5e0,30,20,,,,,,22,0,6,0,0,30,20,17,1,,10,5,,0,0,0,,0,8
12,2021-12-14,daaa308c,35,19,,,,,,1,0,0,0,0,35,19,8,4,,3,4,,0,0,1,,0,5
13,2021-12-14,8070911f,35,23,,,,,,11,0,0,0,0,35,23,22,3,,7,8,,0,0,0,,0,15
14,2021-12-14,dce5a5e0,20,13,,,,,,16,0,3,0,1,20,13,13,2,,12,4,,0,0,0,,0,8
15,2021-12-15,daaa308c,38,13,,,,,,0,1,3,0,1,38,13,10,5,,2,1,,1,0,0,,0,3
16,2021-12-15,8070911f,13,16,,,,,,2,0,0,0,0,31,16,14,5,,3,4,,0,0,0,,0,3
17,2021-12-15,dce5a5e0,13,8,,,,,,6,1,2,0,0,13,8,1,1,,1,6,,2,0,0,,4,0
18,2021-12-16,daaa308c,40,24,,,,,,?,1,6,0,0,40,24,16,6,,3,3,,0,0,0,,0,5
19,2021-12-16,8070911f,30,17,,,,,,?,0,2,0,0,30,17,11,1,,1,11,,0,0,0,,0,5
20,2021-12-16,dce5a5e0,35,19,,,,,,?,1,2,0,0,35,19,15,2,,14,6,,0,2,0,,1,8
21,2021-12-17,daaa308c,40,20,,,,,,?,1,3,0,0,40,20,16,2,,2,1,,3,0,1,,2,6
22,2021-12-17,8070911f,36,17,,,,,,?,0,0,0,0,36,17,6,2,,1,8,,0,0,0,,0,5
23,2021-12-17,dce5a5e0,24,20,,,,,,?,2,4,0,0,24,20,10,2,,6,4,,2,1,0,,12,5
24,2021-12-20,daaa308c,52,36,2:14,,,,,17,1,2,0,0,52,30,23,8,,4,4,2,1,1,0,0,0,8
25,2021-12-20,8070911f,44,33,1:07,,,,,37,1,0,0,0,44,27,26,0,,0,19,,1,0,0,0,0,17
26,2021-12-20,dce5a5e0,54,39,2:03,,,,,35,1,1,0,0,54,35,27,2,,15,4,8,1,1,0,1,6,13
27,2021-12-21,daaa308c,41,29,1:29,,,,,7,3,4,0,0,,19,19,19,,3,2,1,3,0,0,3,3,3
28,2021-12-21,8070911f,74,29,1:21,,,,,27,0,0,0,0,,21,21,0,,1,9,0,0,0,0,0,0,10
29,2021-12-21,dce5a5e0,33,27,2:24,,,,,21,0,1,0,0,,15,10,3,,7,2,1,0,2,2,3,2,5
30,2021-12-22,daaa308c,40,32,1:22,,,,,4,3,0,0,0,40,26,21,7,,0,0,0,0,1,1,0,3,4
31,2021-12-22,8070911f,77,31,1:24,,,,,0,0,0,0,0,,24,23,1,,4,13,0,0,0,0,0,0,5
32,2021-12-22,dce5a5e0,56,36,2:48,98,,,,13,1,3,0,0,50,29,25,7,,18,10,0,3,2,1,0,1,11
33,2021-12-23,daaa308c,62,30,1:50,,,,,3,1,4,0,0,40,22,17,3,,3,2,1,1,0,0,1,2,1
34,2021-12-23,8070911f,86,44,1:26,61,,,,20,0,0,0,0,86,28,28,2,,1,10,0,0,0,0,0,0,9
35,2021-12-23,dce5a5e0,41,36,2:46,91,,,,4,1,5,1,0,41,28,23,1,,11,10,5,0,1,1,1,11,9
36,2021-12-24,daaa308c,103,60,1:47,106,,,,1,1,4,0,0,103,56,33,1,,3,1,0,3,0,0,0,0,4
37,2021-12-24,8070911f,64,40,1:35,69,,,,14,0,0,0,0,64,32,28,1,,1,10,0,0,0,0,0,0,6
38,2021-12-24,dce5a5e0,50,34,2:08,68,,,,11,0,2,1,0,50,27,18,6,,8,5,7,1,0,0,2,2,7
39,2021-12-27,daaa308c,70,41,1:43,66,,,,0,2,4,0,0,,25,18,2,,3,2,2,2,0,0,5,0,3
40,2021-12-27,8070911f,63,37,1:16,,,,,18,0,0,0,0,,28,20,3,,2,2,0,0,0,0,0,0,12
41,2021-12-27,dce5a5e0,68,46,1:51,83,,,,31,1,4,0,0,,33,28,5,,11,9,5,1,0,1,3,0,14
42,2021-12-28,daaa308c,42,21,1:55,,,,,0,0,6,0,0,,10,10,0,,0,0,0,0,0,0,0,1,0
43,2021-12-28,8070911f,33,26,1:49,,,,,5,0,1,0,0,,23,14,4,,2,5,0,0,0,0,0,0,11
44,2021-12-28,dce5a5e0,56,28,1:37,,,,,6,0,3,0,0,,18,16,2,,6,4,6,0,1,0,0,1,8
45,2022-01-10,daaa308c,30,15,3:51,80,,,,,0,2,,,30,15,17,3,,1,1,1,1,0,1,4,8,2
46,2022-01-10,8070911f,50,30,1:39,59,,,,,0,0,,,50,30,25,6,,6,15,0,0,0,0,0,0,19
47,2022-01-10,dce5a5e0,32,22,2:26,68,,,,,0,2,,,32,22,18,0,,11,3,6,0,0,0,1,20,6
48,2022-01-11,8070911f,58,34,1:41,79,,,,,0,19,,,58,34,21,10,,6,17,0,0,0,0,0,0,19
49,2022-01-11,dce5a5e0,31,24,4:09,87,,,,,0,22,,,31,24,15,2,,9,7,6,0,0,0,0,1,7
50,2022-01-11,daaa308c,24,9,3:07,59,,,,,0,3,,,24,9,9,4,,1,0,0,0,0,0,4,6,0
51,2022-01-12,8070911f,48,30,2:40,101,,,,,0,0,0,0,48,30,30,10,,4,19,0,0,0,0,0,1,20
52,2022-01-12,dce5a5e0,47,34,3:04,98,,,,,0,0,0,0,47,34,13,3,,9,6,11,0,1,2,3,9,7
53,2022-01-12,daaa308c,18,6,2:50,34,,,,,0,0,1,1,18,5,5,2,,0,0,1,0,1,2,3,3,0
54,2022-01-13,8070911f,60,33,1:42,84,,,,0,0,3,0,0,69,37,35,8,,7,4,3,0,0,0,0,1,10
55,2022-01-13,dce5a5e0,48,28,2:01,68,,,,0,0,0,0,0,48,28,14,2,,8,5,14,0,1,0,1,2,9
56,2022-01-13,daaa308c,14,7,2:49,28,,,,0,0,0,0,0,14,7,6,2,,0,0,0,0,0,0,1,1,0
57,2022-01-14,8070911f,50,29,1:54,68,,,,20,0,1,0,0,50,29,25,5,,6,3,1,0,0,0,0,0,4
58,2022-01-14,dce5a5e0,49,31,1:56,77,,,,1,0,1,0,0,49,31,18,0,,3,6,10,0,0,0,0,4,10
59,2022-01-17,8070911f,59,30,1:23,61,,,,12,0,0,0,0,59,30,18,9,,4,1,3,0,0,0,0,0,7
60,2022-01-17,dce5a5e0,32,18,1:53,35,,,,0,0,0,0,0,32,18,13,4,,4,5,5,0,0,0,3,5,4
61,2022-01-18,dce5a5e0,64,39,2:49,109,,,,0,0,0,0,0,47,28,23,2,,6,6,7,0,0,0,3,2,12
62,2022-01-19,dce5a5e0,58,39,2:28,97,,,,0,1,1,0,0,49,35,30,1,,14,4,12,2,0,0,0,2,13
63,2022-01-20,dce5a5e0,63,36,1:58,76,,,,23,0,3,0,0,60,21,16,1,,11,2,6,0,0,0,0,4,5
64,2022-01-21,dce5a5e0,74,54,2:06,114,,,,26,0,2,0,0,74,45,33,4,,21,10,6,0,0,0,0,0,15
65,2022-01-24,dce5a5e0,46,30,2:12,68,,,,20,0,3,0,0,51,29,21,2,,5,9,6,0,0,0,0,1,7
66,2022-01-25,dce5a5e0,55,35,2:20,82,719,393,119,42,0,0,0,0,31,31,26,3,,12,7,12,1,0,0,0,0,12
67,2022-01-26,dce5a5e0,56,43,1:55,83,718,394,131,1,0,1,0,0,56,29,19,4,,3,14,17,1,0,0,3,2,2
68,2022-01-27,dce5a5e0,51,39,2:30,98,1090,605,970,0,0,0,0,0,51,29,24,3,,5,8,11,0,0,0,0,0,7
69,2022-01-28,dce5a5e0,19,18,2:33,46,1055,603,872,15,,,,,18,13,6,0,,,5,5,0,0,0,0,0,3
70,2022-01-31,dce5a5e0,53,33,2:30,80,1100,611,818,61,,,,,53,18,15,2,,8,3,8,0,0,1,0,0,5
71,2022-02-01,dce5a5e0,61,38,2:14,84,1142,604,803,47,,,,,58,23,22,6,,11,2,3,0,0,0,0,0,8
72,2022-02-02,dce5a5e0,62,40,2:01,84,1194,603,753,57,,,,,58,26,24,10,,14,5,9,0,0,0,1,0,10
73,2022-02-03,dce5a5e0,72,44,1:58,87,1270,604,694,97,,,,,72,30,30,13,12,16,6,12,0,0,0,0,7,0
74,2022-02-04,dce5a5e0,86,45,1:57,86,1317,602,735,53,,,,,86,26,23,13,8,14,7,15,2,0,0,0,0,5
75,2022-02-07,dce5a5e0,57,31,2:49,87,1588,653,871,1,,,,,57,23,21,9,6,10,2,15,0,0,0,0,6,8
76,2022-02-07,daaa308c,16,14,2:23,33,668,0,0,0,,,,,14,11,8,8,6,5,3,1,0,2,0,0,0,1
77,2022-02-08,dce5a5e0,57,35,2:36,91,1635,657,790,52,,,,,57,17,14,7,6,5,5,7,0,0,0,0,0,2
78,2022-02-08,daaa308c,15,8,1:00,8,668,0,0,3,,,,,15,8,3,3,3,3,1,0,0,0,0,0,0,0
79,2022-02-09,dce5a5e0,62,31,1:59,61,1658,658,613,34,,,,,62,18,18,10,10,8,4,7,0,0,0,0,0,0
80,2022-02-09,daaa308c,22,13,1:45,22,669,1,3,2,,,,,22,13,8,6,5,2,0,1,0,0,0,0,0,1
81,2022-02-10,dce5a5e0,70,48,2:06,100,1695,660,738,45,,,,,70,33,29,7,8,10,5,10,1,0,0,0,0,12
82,2022-02-10,daaa308c,17,14,1:37,22,671,0,0,5,,,,,17,14,7,5,3,4,0,1,1,0,0,0,0,1
83,2022-02-11,dce5a5e0,72,46,2:26,114,1740,666,738,49,,,,,72,25,21,3,3,7,4,5,0,0,0,0,0,15
84,2022-02-11,daaa308c,18,14,1:19,18,665,0,0,1,,,,,18,11,5,3,1,2,1,1,1,0,0,0,0,1
85,2022-02-14,dce5a5e0,59,42,3:08,131,1776,669,749,40,,,,,59,27,25,3,4,4,3,4,0,0,0,0,0,16
86,2022-02-14,daaa308c,26,13,1:52,24,668,0,6,5,,,,,26,10,4,2,1,2,2,1,0,0,0,0,0,0
87,2022-02-15,dce5a5e0,0,0,0,0,1566,660,256,0,,,,,0,0,0,0,0,0,0,0,0,0,0,0,0,0
88,2022-02-15,daaa308c,28,19,1:51,30,683,8,6,0,,,,,28,22,4,2,0,1,4,1,0,0,0,0,0,1
89,2022-02-16,dce5a5e0,24,16,3:12,51,1538,657,0,1,,,,,24,12,8,1,3,3,5,2,2,1,2,0,2,4
90,2022-02-16,daaa308c,23,13,1:49,23,681,1,1,0,,,,,23,15,10,10,5,4,1,0,0,0,0,0,0,0
91,2022-02-17,dce5a5e0,51,34,2:30,85,1539,637,0,8,,,,,51,22,15,4,4,6,8,7,0,0,0,0,0,7
92,2022-02-17,daaa308c,16,8,1:41,13,680,3,3,0,,,,,16,15,4,3,3,3,0,0,0,0,0,0,0,1
93,2022-02-18,dce5a5e0,53,39,2:12,92,1536,638,0,0,,,,,53,21,18,4,5,6,4,8,0,1,1,0,0,2
94,2022-02-18,daaa308c,24,16,1:49,29,677,0,0,0,,,,,24,13,6,2,1,1,5,0,0,0,0,0,0,1
95,2022-02-21,dce5a5e0,48,34,2:37,88,1529,638,0,0,,,,,48,23,19,4,4,8,3,4,0,1,1,0,0,5
96,2022-02-21,daaa308c,24,15,1:37,24,675,0,5,0,,,,,24,14,6,2,2,2,6,0,0,0,0,0,0,1
97,2022-02-22,dce5a5e0,46,36,2:24,91,1516,637,335,1,,,,,46,26,18,7,1,7,13,9,0,0,0,0,0,1
98,2022-02-22,daaa308c,15,10,1:35,15,676,0,6,0,,,,,15,11,4,2,1,0,4,0,0,0,0,2,2,5
99,2022-02-24,dce5a5e0,46,28,2:33,71,1489,638,339,0,,,,,46,19,15,5,6,5,5,4,0,0,0,0,0,6
100,2022-02-24,daaa308c,19,13,1:16,16,674,0,2,0,,,,,19,12,4,1,0,0,0,2,0,0,0,0,0,1
101,2022-02-25,dce5a5e0,66,45,1:39,75,1416,631,338,0,,,,,66,26,20,7,7,9,8,10,0,0,0,0,0,7
102,2022-02-25,daaa308c,16,10,1:29,14,675,0,1,0,,,,,16,9,3,1,1,0,4,0,0,0,0,0,1,2
103,2022-02-28,dce5a5e0,61,48,1:53,91,1333,630,327,0,,,,,61,33,30,9,10,8,7,13,0,0,0,0,0,14
104,2022-02-28,daaa308c,25,18,1:13,22,673,1,1,1,,,,,25,14,11,8,4,4,2,0,0,0,0,0,0,1
105,2022-03-01,dce5a5e0,41,19,5:09,85,1072,340,351,0,,,,,41,13,9,4,3,6,5,9,1,0,0,0,0,1
106,2022-03-01,daaa308c,20,15,0:01,17,672,1,0,0,,,,,20,14,8,4,3,1,2,0,0,0,0,0,0,2
107,2022-03-02,dce5a5e0,28,23,1:57,47,1064,339,361,0,,,,,28,15,11,4,4,11,7,9,0,0,0,0,0,5
108,2022-03-02,daaa308c,20,14,1:34,21,672,0,0,1,,,,,20,10,9,4,1,1,1,0,0,0,0,1,0,1
109,2022-03-03,dce5a5e0,10,6,4:02,24,1063,339,391,0,,,,,10,8,4,1,1,0,4,2,2,0,0,0,1,2
110,2022-03-03,daaa308c,21,15,1:35,23,674,1,0,1,,,,,21,10,8,0,0,0,2,3,0,0,0,0,0,3
111,2022-03-03,65f27eeb,18,11,3:02,33,12,3,0,0,,,,,18,12,8,4,1,2,2,3,1,0,0,0,0,3
112,2022-03-04,dce5a5e0,32,24,2:32,61,1059,343,431,0,,,,,32,21,12,6,8,6,12,6,1,0,0,2,101,6
113,2022-03-04,daaa308c,21,11,1:37,17,677,2,0,1,,,,,21,11,6,0,0,0,0,3,0,0,0,1,1,1
114,2022-03-04,65f27eeb,55,29,1:37,62,37,0,0,28,,,,,55,22,17,0,1,1,2,5,0,0,0,0,0,9
115,2022-03-05,dce5a5e0,29,20,6:56,41,1051,345,441,0,,,,,29,17,10,3,6,3,6,6,3,0,0,0,0,2
116,2022-03-05,daaa308c,17,14,1:06,15,681,0,0,5,,,,,17,8,6,2,1,2,0,0,0,0,0,0,0,1
117,2022-03-05,65f27eeb,37,23,2:35,58,44,0,0,8,,,,,37,19,14,1,1,0,6,3,0,0,0,0,0,8
118,2022-03-09,dce5a5e0,49,37,2:07,76,1034,347,431,0,,,,,49,23,21,1,7,4,5,0,0,0,0,1,38,8
119,2022-03-09,daaa308c,26,23,1:15,26,683,0,0,1,,,,,26,15,8,4,3,3,3,0,0,0,0,1,0,0
120,2022-03-10,dce5a5e0,60,47,2:47,128,905,213,453,0,,,,,60,35,28,2,10,,11,12,10,1,0,0,0,12
121,2022-03-10,daaa308c,23,15,1:56,29,688,0,2,5,,,,,23,12,10,6,3,1,1,1,1,0,0,0,0,2
122,2022-03-11,dce5a5e0,60,41,2:17,93,676,0,455,2,,,,,60,24,20,3,8,7,5,11,0,0,0,1,0,7
123,2022-03-11,daaa308c,23,19,2:57,56,689,0,0,2,,,,,23,15,12,10,8,4,5,4,1,1,0,0,0,3
124,2022-03-11,65f27eeb,66,36,1:41,60,64,0,0,26,,,,,66,24,20,4,3,5,5,1,0,0,0,0,0,6
125,2022-03-11,cb3f2d09,36,23,1:02,23,9,1,0,10,,,,,36,7,3,0,0,1,0,0,0,0,0,0,0,4
126,2022-03-14,daaa308c,23,17,1:51,31,697,0,0,6,,,,,23,15,13,9,6,5,3,0,0,1,1,0,0,3
127,2022-03-14,65f27eeb,72,40,1:44,69,84,0,0,25,,,,,72,33,28,1,1,5,14,3,0,0,0,0,0,10
128,2022-03-14,cb3f2d09,77,47,1:55,90,27,0,0,21,,,,,77,21,17,0,2,2,1,0,0,0,0,0,0,10
129,2022-03-14,dce5a5e0,35,28,2:14,62,496,0,291,2,,,,,35,21,19,1,2,5,3,7,1,1,1,1,2,10
130,2022-03-15,daaa308c,18,14,1:18,18,689,0,0,0,,,,,14,11,10,6,2,2,2,3,0,0,0,0,0,1
131,2022-03-15,65f27eeb,73,36,2:46,99,93,0,0,15,3,4,,,36,26,18,4,3,2,9,5,3,0,0,2,6,7
132,2022-03-15,cb3f2d09,86,56,1:41,94,39,0,0,17,,,,,56,25,25,0,2,0,1,0,0,0,0,0,0,3
133,2022-03-15,dce5a5e0,36,26,2:10,56,358,0,169,2,,2,,,26,20,14,3,7,4,6,15,1,1,1,2,10,3
134,2022-03-16,daaa308c,19,14,2:12,30,689,0,0,0,,8,,,19,13,10,7,4,2,3,4,0,1,0,1,3,3
135,2022-03-16,65f27eeb,81,42,1:43,72,96,0,0,10,,1,,,81,28,23,5,6,2,4,2,0,0,0,0,0,5
136,2022-03-16,cb3f2d09,65,36,2:31,90,55,0,0,20,,,,,65,18,18,3,1,2,3,0,0,0,0,0,0,11
137,2022-03-16,dce5a5e0,34,22,2:47,61,351,0,0,0,,3,,,34,14,8,1,5,1,5,5,1,2,1,2,3,3
138,2022-03-17,daaa308c,31,20,1:32,30,690,0,0,0,,15,,,31,12,10,8,6,4,0,0,0,0,0,0,0,0
139,2022-03-17,65f27eeb,117,55,1:33,84,121,0,0,24,,1,,,117,26,19,3,6,3,2,1,0,0,0,0,0,2
140,2022-03-17,cb3f2d09,62,50,2:14,91,72,0,0,17,,,,,62,26,26,1,7,5,1,0,0,0,0,0,0,9
141,2022-03-17,dce5a5e0,60,53,2:39,140,347,0,0,1,,,,,60,41,29,8,16,7,13,24,0,1,1,2,3,7
142,2022-03-18,daaa308c,22,16,1:29,23,689,0,0,0,,21,,,22,13,8,5,1,1,3,1,0,1,1,0,0,1
143,2022-03-18,65f27eeb,87,38,2:10,88,120,0,0,10,,2,,,87,26,22,4,9,6,5,4,0,0,0,0,0,6
144,2022-03-18,cb3f2d09,74,40,2:16,90,84,0,0,11,,2,,,74,17,18,3,5,2,1,1,0,0,0,0,0,5
145,2022-03-18,dce5a5e0,27,19,3:24,64,342,0,0,0,,,,,27,13,6,0,4,0,7,7,0,1,1,2,0,5
146,2022-03-21,daaa308c,17,11,1:39,20,688,0,0,1,,,,,17,11,7,2,2,1,4,2,0,0,1,1,0,1
147,2022-03-21,65f27eeb,79,32,2:39,103,137,0,0,29,,1,,,79,32,30,7,8,5,5,3,0,0,0,0,0,7
148,2022-03-21,cb3f2d09,83,53,2:03,108,101,0,0,20,,3,,,83,53,16,0,5,3,2,2,0,0,0,0,0,7
149,2022-03-21,dce5a5e0,48,32,2:09,85,345,0,0,1,,4,,,48,32,19,2,11,7,14,23,4,0,0,1,7,11
150,2022-03-21,18183ed9,41,29,1:31,43,18,0,0,21,,8,,,41,29,13,5,3,7,2,3,0,0,0,0,0,6
151,2022-03-21,9fd16759,39,17,1:25,24,11,0,0,13,,8,,,39,17,4,3,0,2,1,0,0,0,0,0,0,0
152,2022-03-22,daaa308c,46,13,1:15,21,689,0,0,1,,3,,,46,12,6,2,1,2,2,3,0,1,0,0,0,1
153,2022-03-22,65f27eeb,51,27,1:53,62,145,0,0,19,,1,,,51,27,27,10,8,6,6,6,0,0,0,0,0,5
154,2022-03-22,cb3f2d09,64,18,2:33,104,94,0,0,0,,1,,,64,18,18,3,5,5,4,0,0,0,0,0,0,5
155,2022-03-22,dce5a5e0,38,21,3:19,89,343,0,0,2,,,,,38,21,15,1,7,5,9,14,0,2,1,0,0,9
156,2022-03-22,18183ed9,62,21,1:56,77,43,0,0,32,,15,,,62,21,17,8,6,9,8,0,0,0,0,0,0,12
157,2022-03-22,9fd16759,84,26,1:31,60,38,0,0,32,,9,,,84,26,20,11,2,4,2,0,0,0,0,0,0,0
158,2022-03-23,daaa308c,12,7,1:45,19,687,0,0,0,,,,,12,7,1,1,0,5,5,3,0,0,0,0,0,1
159,2022-03-23,65f27eeb,52,26,2:28,93,168,0,0,26,,,,,52,26,26,12,12,9,4,3,0,0,0,0,0,7
160,2022-03-23,cb3f2d09,63,17,2:19,104,93,0,0,7,,,,,63,17,17,0,4,3,0,0,0,0,0,0,0,3
161,2022-03-23,dce5a5e0,33,20,3:12,83,339,0,0,0,,,,,33,20,12,5,9,5,12,12,1,0,0,2,2,9
162,2022-03-23,18183ed9,53,21,2:04,70,65,0,0,24,,,,,53,21,19,4,1,11,2,0,0,0,0,0,0,8
163,2022-03-23,9fd16759,60,15,1:30,55,49,0,0,17,,,,,60,15,9,4,3,3,2,0,0,0,0,0,0,0
164,2022-03-24,daaa308c,16,10,1:37,20,686,0,0,0,,4,,,16,10,9,3,3,2,3,0,0,0,0,0,0,2
165,2022-03-24,65f27eeb,46,19,1:49,60,173,0,0,25,,1,,,46,19,17,9,7,7,4,5,0,0,0,0,0,3
166,2022-03-24,cb3f2d09,53,24,2:33,91,81,0,0,7,,,,,53,24,21,0,16,11,5,1,0,0,0,0,0,0
167,2022-03-24,dce5a5e0,44,23,2:32,88,336,0,0,0,,2,,,44,23,18,5,11,5,11,16,0,1,1,1,8,5
168,2022-03-24,18183ed9,58,23,1:57,80,81,0,0,20,,11,,,58,23,20,8,4,9,2,0,0,0,0,0,0,6
169,2022-03-24,9fd16759,65,25,1:27,72,54,0,0,46,,3,,,65,25,19,8,9,12,4,0,0,0,0,0,0,0
170,2022-03-25,daaa308c,17,12,1:50,25,685,0,0,0,,14,,,17,12,10,5,4,1,0,0,0,0,0,0,0,2
171,2022-03-25,65f27eeb,53,29,1:54,78,162,0,0,5,,1,,,53,29,22,7,8,7,5,7,0,0,0,0,0,5
172,2022-03-25,cb3f2d09,49,23,2:00,80,79,0,0,13,,1,,,49,23,20,1,12,7,3,0,0,0,0,0,0,1
173,2022-03-25,dce5a5e0,63,38,2:10,90,332,0,0,0,,1,,,63,38,26,2,7,6,14,26,0,1,1,1,2,6
174,2022-03-25,18183ed9,56,20,1:55,69,90,0,0,17,,5,,,56,20,14,10,6,9,4,0,0,0,0,0,0,2
175,2022-03-25,9fd16759,60,18,1:18,38,60,0,0,9,,3,,,60,18,11,4,3,7,3,0,0,0,0,0,0,0
176,2022-03-28,daaa308c,15,13,1:46,33,686,0,0,1,,3,,,15,13,8,5,4,3,6,4,0,0,0,0,0,3
177,2022-03-28,65f27eeb,42,22,2:06,64,175,0,0,18,,0,,,42,22,18,6,6,8,2,3,0,0,0,0,0,5
178,2022-03-28,cb3f2d09,46,28,2:06,95,73,0,0,6,,1,,,46,28,26,1,12,9,3,1,0,0,0,0,0,3
179,2022-03-28,dce5a5e0,43,27,2:03,58,330,0,0,0,,0,,,43,27,18,2,12,3,12,13,0,0,0,0,0,2
180,2022-03-28,18183ed9,26,14,1:43,32,90,0,0,8,,3,,,26,14,13,5,4,7,3,0,0,0,0,0,0,3
181,2022-03-28,9fd16759,52,18,1:26,49,69,0,0,13,,2,,,52,18,10,3,1,4,1,0,0,0,0,0,0,0
182,2022-03-29,daaa308c,14,11,2:06,25,686,0,0,1,,0,,,14,11,10,4,3,1,1,0,0,0,0,0,0,0
183,2022-03-29,65f27eeb,47,33,3:11,127,180,0,0,7,,1,,,47,33,24,8,9,8,4,6,0,0,0,0,0,4
184,2022-03-29,cb3f2d09,41,18,2:01,76,84,0,0,10,,1,,,41,18,17,0,9,5,4,0,0,0,0,0,0,5
185,2022-03-29,dce5a5e0,30,16,2:04,47,328,0,0,2,,2,,,30,16,14,2,8,2,3,10,0,0,0,1,2,6
186,2022-03-29,18183ed9,77,28,1:34,72,104,0,0,24,,13,,,77,28,22,13,11,10,3,0,0,0,0,0,0,7
187,2022-03-29,9fd16759,73,14,1:16,57,79,0,0,11,,1,,,73,14,11,7,5,8,3,0,0,0,0,0,0,0
188,2022-03-30,daaa308c,15,13,1:56,33,687,0,0,2,,,,,15,13,9,5,2,2,2,2,0,0,0,0,0,3
189,2022-03-30,65f27eeb,56,24,1:54,81,201,0,0,26,,,,,56,24,20,6,7,10,3,2,0,0,0,0,0,5
190,2022-03-30,cb3f2d09,52,23,1:41,65,99,0,0,11,,,,,52,23,22,1,5,9,8,1,0,0,0,0,0,8
191,2022-03-30,dce5a5e0,30,17,1:32,33,317,0,0,0,,,,,30,17,9,1,5,2,10,12,1,0,0,0,0,1
192,2022-03-30,18183ed9,60,27,2:02,81,107,0,0,13,,,,,60,27,18,11,10,11,8,3,0,0,0,0,0,9
193,2022-03-30,9fd16759,54,18,1:29,55,90,0,0,11,,,,,54,18,13,5,5,10,3,0,0,0,0,0,0,0
194,2022-03-31,daaa308c,15,12,1:49,79,687,0,0,0,,2,,,15,12,10,5,4,1,1,2,0,0,0,0,0,2
195,2022-03-31,65f27eeb,55,33,2:18,107,213,0,0,22,,1,,,55,33,28,7,9,14,2,6,0,0,0,0,0,5
196,2022-03-31,cb3f2d09,42,17,1:46,53,115,0,0,20,,3,,,42,17,12,1,4,13,5,1,0,0,0,0,0,7
197,2022-03-31,dce5a5e0,28,19,2:25,53,314,0,0,0,,2,,,28,19,14,2,6,6,6,14,0,0,0,0,0,6
198,2022-03-31,18183ed9,62,23,1:33,68,119,0,0,17,,8,,,62,23,15,12,4,13,3,0,0,0,0,0,0,4
199,2022-03-31,9fd16759,67,18,1:37,74,106,0,0,16,,0,,,67,18,17,13,6,13,5,0,0,0,0,0,0,0
200,2022-04-01,daaa308c,15,12,1:28,20,687,0,0,0,,1,,,15,12,9,7,6,4,3,5,0,0,0,0,0,1
201,2022-04-01,65f27eeb,33,14,2:59,89,204,0,0,18,,1,,,33,14,9,1,2,5,2,2,0,0,0,0,0,2
202,2022-04-01,cb3f2d09,44,26,2:30,99,110,0,0,16,,3,,,44,26,23,0,15,2,3,1,0,0,0,0,1,1
203,2022-04-01,dce5a5e0,52,22,2:40,18,315,0,0,12,,0,,,52,22,15,9,9,12,2,0,0,0,0,0,0,3
204,2022-04-01,18183ed9,70,14,1:37,46,124,0,0,14,,4,,,70,14,12,7,2,7,1,0,0,0,0,0,0,0
205,2022-04-01,9fd16759,16,5,1:19,58,117,0,0,12,,2,,,16,5,3,0,0,0,2,2,1,1,1,0,0,0
206,2022-04-04,daaa308c,15,9,2:04,22,688,0,0,2,,4,,,15,9,8,4,3,1,0,3,0,0,0,0,0,2
207,2022-04-04,65f27eeb,26,22,2:11,52,205,0,0,10,,0,,,26,22,18,6,6,12,4,3,0,0,0,0,0,5
208,2022-04-04,cb3f2d09,50,21,1:55,76,107,0,0,6,,3,,,50,21,13,3,6,5,10,3,0,0,0,0,0,6
209,2022-04-04,18183ed9,59,31,1:34,80,142,0,0,23,,14,,,59,31,26,6,9,9,6,0,0,0,0,0,0,0
210,2022-04-04,9fd16759,66,18,1:51,68,126,0,0,9,,2,,,66,18,14,11,10,9,5,2,0,0,0,0,0,0
211,2022-04-05,daaa308c,16,9,2:01,24,687,0,0,0,,4,,,16,9,7,5,5,2,1,3,0,0,0,0,0,2
212,2022-04-05,65f27eeb,62,19,1:30,37,224,0,0,25,,0,,,62,19,12,2,2,6,4,4,0,0,0,0,0,4
213,2022-04-05,cb3f2d09,88,26,1:34,84,112,0,0,16,,0,,,88,26,20,2,9,5,9,0,0,0,0,0,0,1
214,2022-04-05,18183ed9,74,17,1:22,48,169,0,0,38,,21,,,74,17,7,3,2,4,6,4,0,0,0,0,0,4
215,2022-04-05,9fd16759,74,16,1:18,44,147,0,0,24,,0,,,74,16,11,10,9,10,4,0,0,0,0,0,0,0
216,2022-04-06,daaa308c,15,11,2:56,46,688,0,0,1,,2,,,15,11,8,3,2,1,5,7,0,0,1,1,2,1
217,2022-04-06,65f27eeb,105,42,1:22,76,198,0,0,26,,0,,,105,42,32,4,7,16,4,11,0,0,0,0,0,1
218,2022-04-06,cb3f2d09,123,33,1:13,101,107,0,0,34,,2,,,123,33,24,4,9,15,17,5,0,0,0,0,0,2
219,2022-04-06,18183ed9,99,35,1:21,80,172,0,0,53,,2,,,99,35,22,7,7,9,8,2,0,0,0,0,0,3
220,2022-04-06,9fd16759,83,17,1:17,55,146,0,0,2,,2,,,83,17,14,12,12,11,6,2,0,0,0,0,0,0
221,2022-04-07,daaa308c,11,6,1:13,9,689,0,0,0,,0,,,11,6,6,3,2,0,0,2,0,0,0,0,0,2
222,2022-04-07,65f27eeb,16,11,2:12,28,190,0,0,0,,0,,,16,11,8,1,2,4,3,3,0,0,0,0,0,1
223,2022-04-07,cb3f2d09,33,10,1:15,22,144,0,0,2,,0,,,33,10,10,6,0,4,4,0,0,0,0,0,0,1
224,2022-04-07,18183ed9,27,10,1:42,33,163,0,0,1,,0,,,27,10,5,1,1,1,4,4,0,0,0,0,0,4
225,2022-04-07,9fd16759,37,7,1:20,18,145,0,0,14,,0,,,37,7,4,1,1,2,2,0,0,0,0,0,0,0
226,2022-04-08,daaa308c,15,12,1:09,23,689,0,0,0,,4,,,15,12,8,5,4,2,4,2,1,0,0,0,0,2
227,2022-04-08,65f27eeb,40,31,1:47,85,181,0,0,1,,0,,,40,31,21,2,7,10,12,10,0,0,0,0,0,6
228,2022-04-08,cb3f2d09,61,23,2:24,76,134,0,0,0,,3,,,61,23,20,1,8,10,9,6,0,1,1,0,1,8
229,2022-04-08,18183ed9,72,27,1:40,85,157,0,0,2,,0,,,72,27,14,4,3,8,7,3,0,0,0,0,0,4
230,2022-04-08,9fd16759,76,15,1:17,55,135,0,0,1,,0,,,76,15,7,7,7,9,8,3,0,0,0,0,0,0
231,2022-04-11,daaa308c,14,11,1:31,30,690,0,0,1,,2,,,14,11,4,1,1,0,5,1,1,0,0,0,5,1
232,2022-04-11,65f27eeb,32,26,2:30,75,174,0,0,0,,0,,,32,26,21,7,10,6,7,1,0,0,0,0,0,6
233,2022-04-11,cb3f2d09,47,24,1:50,84,139,0,0,0,,0,,,47,24,19,2,14,16,7,5,0,0,0,0,0,4
234,2022-04-11,18183ed9,40,24,2:23,71,163,0,0,0,,0,,,40,24,21,7,10,7,10,5,0,0,0,0,0,7
235,2022-04-11,9fd16759,43,19,2:05,66,140,,0,0,,0,,,43,19,4,1,1,11,5,2,0,0,0,0,0,0
236,2022-04-12,daaa308c,18,14,2:08,32,690,0,0,0,,6,,,18,14,9,6,6,1,0,0,0,0,0,0,0,1
237,2022-04-12,65f27eeb,30,22,2:59,80,166,0,0,1,,1,,,30,22,17,3,10,4,12,11,0,0,0,0,0,5
238,2022-04-12,cb3f2d09,35,14,1:22,48,129,0,0,0,0,0,,,35,14,7,0,7,11,8,5,0,0,0,0,0,0
239,2022-04-12,18183ed9,56,26,1:39,68,152,0,0,0,0,0,,,56,26,22,6,7,8,8,2,0,0,0,0,0,2
240,2022-04-12,9fd16759,63,20,1:23,61,156,0,0,18,0,0,,,63,20,12,6,6,13,3,2,0,0,0,0,0,0
241,2022-04-13,daaa308c,17,13,2:06,40,691,0,0,1,0,3,,,17,13,6,6,5,0,4,1,0,0,0,0,0,2
242,2022-04-13,65f27eeb,17,14,1:58,31,164,0,0,2,0,3,,,17,14,8,1,5,3,8,5,0,0,0,0,0,2
243,2022-04-13,cb3f2d09,19,12,2:26,42,129,0,0,1,0,0,,,19,12,10,0,4,4,4,1,0,0,0,0,3,1
244,2022-04-13,18183ed9,16,12,2:45,38,149,0,0,1,0,2,,,16,12,10,3,6,4,5,4,0,0,0,0,0,4
245,2022-04-13,9fd16759,34,9,2:08,36,155,0,0,0,0,0,,,34,9,9,3,1,3,0,0,0,0,0,0,0,0
246,2022-04-14,daaa308c,15,12,1:27,17,688,0,0,0,0,2,,,15,12,5,2,2,1,4,2,0,0,0,0,1,0
247,2022-04-14,65f27eeb,49,31,1:49,76,145,0,0,0,0,0,,,49,31,20,3,10,3,16,8,0,0,0,0,0,5
248,2022-04-14,cb3f2d09,52,26,2:06,96,126,0,0,0,0,3,,,52,26,26,1,17,9,8,6,0,0,0,0,3,5
249,2022-04-14,18183ed9,36,20,2:01,58,143,0,0,1,0,1,,,36,20,17,2,11,6,9,8,0,0,0,0,0,8
250,2022-04-14,9fd16759,60,23,1:54,70,157,0,0,6,0,1,,,60,23,18,12,9,13,5,2,0,0,0,0,0,0
251,2022-04-15,daaa308c,0,0,0,0,688,0,0,0,0,0,,,0,0,0,0,0,0,0,0,0,0,0,0,0,0
252,2022-04-15,65f27eeb,0,0,0,0,145,0,0,0,0,0,,,0,0,0,0,0,0,0,0,0,0,0,0,0,0
253,2022-04-15,cb3f2d09,51,24,1:39,62,146,0,0,25,0,2,,,51,24,23,0,11,9,6,2,0,0,0,0,0,9
254,2022-04-15,18183ed9,52,27,1:50,67,156,0,0,24,0,3,,,52,27,21,1,10,10,6,4,0,0,0,0,0,9
255,2022-04-15,9fd16759,62,16,1:17,54,172,0,0,25,0,0,,,62,16,11,4,4,6,3,1,0,0,0,0,0,0
256,2022-04-18,daaa308c,15,10,2:05,23,687,0,0,0,0,2,3,3,15,10,6,4,5,1,2,1,1,0,0,0,0,0
257,2022-04-18,65f27eeb,69,36,1:40,76,153,0,0,25,0,1,,,69,36,30,5,14,9,8,4,0,0,0,0,0,5
258,2022-04-18,cb3f2d09,74,29,2:01,115,168,0,0,24,0,1,,,74,29,25,3,12,7,9,4,0,0,0,0,0,5
259,2022-04-18,18183ed9,70,29,1:23,65,166,0,0,23,0,3,,,70,29,24,0,14,11,8,1,0,0,0,0,0,5
260,2022-04-18,9fd16759,86,25,1:36,84,175,0,0,25,0,0,,,86,25,18,9,8,13,5,1,0,0,1,0,0,0
261,2022-04-19,daaa308c,14,13,1:38,23,685,0,0,0,0,0,1,1,14,13,7,6,6,2,2,2,0,0,0,0,0,1
262,2022-04-19,65f27eeb,35,19,2:18,60,146,0,0,0,0,0,,,35,19,11,2,5,0,10,5,0,0,0,0,0,4
263,2022-04-19,cb3f2d09,41,24,1:54,71,163,0,0,0,0,0,,,41,24,19,0,7,6,9,1,0,1,0,0,1,7
264,2022-04-19,18183ed9,44,17,2:01,62,167,0,0,1,0,0,,,44,17,13,0,5,5,7,1,0,0,0,0,0,4
265,2022-04-19,9fd16759,61,21,1:50,71,186,0,0,16,0,0,,,61,21,15,6,7,11,4,2,0,0,0,0,0,0
266,2022-04-20,daaa308c,13,11,1:44,18,685,0,0,0,0,0,0,0,13,11,6,1,1,0,3,1,0,0,0,4,0,2
267,2022-04-20,65f27eeb,43,25,1:52,70,136,0,0,1,0,0,0,0,43,25,18,0,8,4,11,6,0,0,0,0,0,6
268,2022-04-20,cb3f2d09,0,0,0,0,165,0,0,0,0,0,0,0,0,0,0,0,0,0,0,0,0,0,0,0,0,0
269,2022-04-20,18183ed9,52,25,1:33,63,159,0,0,0,0,0,0,1,52,25,16,0,7,8,11,2,0,0,0,0,0,7
270,2022-04-20,9fd16759,48,9,1:45,45,185,0,0,0,0,0,0,0,48,9,5,2,1,9,4,2,0,0,0,0,0,0
271,2022-04-21,daaa308c,15,11,2:01,24,685,0,0,0,0,2,0,0,15,11,6,2,1,0,1,1,0,0,0,0,1,0
272,2022-04-21,65f27eeb,50,30,2:04,89,133,0,0,11,0,0,0,0,50,30,27,0,10,5,6,1,0,0,0,0,0,8
273,2022-04-21,cb3f2d09,61,31,2:03,90,154,0,0,0,0,0,0,0,61,31,28,0,14,7,7,1,0,0,0,0,0,3
274,2022-04-21,18183ed9,21,7,2:05,23,155,0,0,0,0,0,0,0,21,7,6,0,4,2,1,0,0,0,0,0,0,2
275,2022-04-21,9fd16759,61,20,1:31,65,135,0,0,0,0,0,0,0,61,20,14,13,11,17,3,0,0,0,0,0,0,0
276,2022-04-22,daaa308c,15,12,2:15,31,686,0,0,0,0,0,0,0,15,12,5,0,0,0,2,0,0,0,0,0,1,1
277,2022-04-22,65f27eeb,49,15,1:36,49,116,0,0,0,0,0,0,0,49,15,11,0,3,2,6,4,0,0,0,0,0,4
278,2022-04-22,cb3f2d09,47,23,1:45,73,146,0,0,1,0,0,0,0,47,23,22,0,7,7,6,3,0,0,0,0,0,5
279,2022-04-22,18183ed9,49,21,1:53,65,154,0,0,1,0,0,0,0,49,21,13,0,6,8,8,2,0,0,0,0,0,5
280,2022-04-22,9fd16759,53,14,1:55,73,191,0,0,0,0,0,0,0,53,14,11,9,7,8,1,0,0,0,0,0,0,0
281,2022-04-25,daaa308c,15,11,1:51,27,686,0,0,0,0,0,0,0,15,11,7,2,2,1,2,1,0,0,0,0,0,1
282,2022-04-25,65f27eeb,38,17,1:48,48,130,0,0,18,0,2,0,0,38,17,15,0,3,6,4,2,0,0,0,0,0,8
283,2022-04-25,cb3f2d09,38,30,2:12,83,139,0,0,0,0,0,0,0,38,30,26,0,12,3,10,2,0,0,0,0,0,3
284,2022-04-25,18183ed9,38,16,2:16,56,158,0,0,10,0,6,0,0,38,16,10,0,5,8,11,4,0,0,0,0,0,4
285,2022-04-25,9fd16759,63,14,1:44,52,202,0,0,13,0,0,0,0,63,14,11,7,5,8,2,0,0,0,0,0,0,0
286,2022-04-26,daaa308c,15,8,1:52,20,687,0,0,1,0,0,0,0,15,8,6,2,2,1,0,0,0,0,0,0,0,1
287,2022-04-26,65f27eeb,55,22,2:01,64,143,0,0,18,0,0,0,0,55,22,18,0,2,5,4,3,0,0,0,0,0,8
288,2022-04-26,cb3f2d09,31,20,1:58,63,131,0,0,2,0,0,0,0,31,20,16,0,10,4,7,4,0,0,0,0,0,3
289,2022-04-26,18183ed9,50,25,2:03,69,156,0,0,0,0,2,0,0,50,25,22,0,9,5,10,2,0,0,0,0,0,3
290,2022-04-26,9fd16759,54,14,1:46,49,201,0,0,0,0,0,0,0,54,14,12,8,7,10,4,3,0,0,0,0,0,0
291,2022-04-27,daaa308c,13,10,1:30,32,687,0,0,0,0,0,0,0,13,10,7,3,2,0,1,1,0,0,0,0,0,0
292,2022-04-27,65f27eeb,47,26,2:39,92,161,0,0,20,0,0,0,0,47,26,24,2,8,7,7,5,0,0,0,0,0,10
293,2022-04-27,cb3f2d09,44,28,2:10,106,140,0,0,20,0,0,0,0,44,28,27,0,14,6,3,2,0,0,0,0,0,7
294,2022-04-27,18183ed9,51,23,1:54,74,158,0,0,14,0,0,0,0,51,23,23,0,8,5,4,1,0,0,0,0,0,10
295,2022-04-27,9fd16759,72,20,1:32,71,220,0,0,23,0,0,0,0,72,20,16,4,4,7,3,1,0,0,0,0,0,0
296,2022-04-28,daaa308c,15,11,1:18,17,687,0,0,0,0,2,0,0,15,11,9,2,2,2,1,1,0,0,0,0,0,1
297,2022-04-28,65f27eeb,61,24,1:37,56,172,0,0,23,0,0,0,0,61,24,15,0,3,0,6,3,0,0,0,0,0,7
298,2022-04-28,cb3f2d09,37,22,1:40,61,151,0,0,21,0,0,0,0,37,22,19,0,7,8,4,1,0,0,0,0,0,3
299,2022-04-28,18183ed9,50,25,2:22,85,165,0,0,6,0,6,0,0,50,25,20,0,9,5,8,5,0,0,0,0,0,13
300,2022-04-28,9fd16759,53,13,1:30,67,232,0,0,18,0,0,0,0,53,13,12,4,4,8,2,1,0,0,0,0,0,0
301,2022-04-29,daaa308c,15,10,1:17,11,687,0,0,0,0,1,0,0,15,10,7,2,2,1,0,0,0,0,0,0,0,1
302,2022-04-29,65f27eeb,44,19,1:53,58,160,0,0,4,0,2,0,0,44,19,12,0,5,4,5,3,0,0,0,0,0,4
303,2022-04-29,cb3f2d09,35,20,2:14,71,146,0,0,2,0,0,0,0,35,20,19,0,11,5,4,0,0,0,0,0,0,3
304,2022-04-29,18183ed9,42,20,2:20,72,164,0,0,4,0,2,0,0,42,20,19,0,8,6,5,1,0,0,0,0,0,7
305,2022-04-29,9fd16759,56,16,1:43,77,242,0,0,16,0,0,0,0,56,16,14,4,2,5,1,0,0,0,0,0,0,1
306,2022-05-05,daaa308c,15,9,1:15,16,686,0,0,0,0,0,0,0,15,9,7,1,1,0,1,1,0,0,0,0,0,3
307,2022-05-05,65f27eeb,42,18,1:39,44,155,0,0,17,0,0,0,0,42,18,15,1,5,4,5,3,0,0,0,0,0,5
308,2022-05-05,cb3f2d09,37,24,1:42,64,148,0,0,8,0,0,0,0,37,24,23,0,10,6,4,0,0,0,0,0,0,5
309,2022-05-05,18183ed9,42,19,1:45,56,172,0,0,6,0,0,0,0,42,19,14,0,6,7,7,0,0,0,0,0,0,7
310,2022-05-05,9fd16759,50,14,1:53,60,240,0,0,2,0,0,0,0,50,14,12,4,3,11,6,1,0,0,0,0,0,0
311,2022-05-06,daaa308c,15,12,1:23,16,686,0,0,0,0,0,0,0,15,12,7,2,2,2,2,0,0,0,0,0,0,1
312,2022-05-06,65f27eeb,43,21,1:31,48,148,0,0,11,0,0,0,0,43,21,18,0,7,5,5,2,0,0,0,0,0,6
313,2022-05-06,cb3f2d09,37,27,1:51,63,158,0,0,16,0,0,0,0,37,27,27,0,6,8,2,0,0,0,0,0,0,8
314,2022-05-06,18183ed9,41,22,2:38,68,175,0,0,12,0,2,0,0,41,22,22,0,7,4,4,1,0,0,0,0,0,8
315,2022-05-06,9fd16759,50,8,1:37,50,230,0,0,0,0,0,0,1,50,8,3,2,1,7,3,1,0,0,0,0,0,0
316,2022-05-11,daaa308c,17,12,1:24,22,687,0,0,0,0,0,0,0,17,12,6,2,2,2,5,3,0,0,0,1,1,0
317,2022-05-11,65f27eeb,50,30,2:03,92,150,0,0,19,0,0,0,0,50,30,24,0,9,2,6,2,0,0,0,0,0,10
318,2022-05-11,cb3f2d09,34,23,2:01,62,159,0,0,3,0,0,0,0,34,23,18,0,7,1,7,1,0,0,0,0,0,3
319,2022-05-11,18183ed9,47,17,1:49,50,188,0,0,3,0,3,0,0,47,17,14,0,6,2,7,3,0,0,0,0,0,9
320,2022-05-11,9fd16759,47,16,2:01,64,234,0,0,15,0,0,0,0,47,16,12,5,4,5,5,0,0,0,0,0,0,0
321,2022-05-12,daaa308c,15,12,1:44,20,687,0,0,0,0,0,0,0,15,12,8,4,3,1,2,1,0,0,0,0,0,2
322,2022-05-12,65f27eeb,51,23,1:39,61,144,0,0,11,0,0,0,0,51,23,18,2,8,8,8,6,0,0,0,0,0,3
323,2022-05-12,cb3f2d09,42,26,1:42,61,161,0,0,6,0,0,0,0,42,26,21,3,12,5,9,0,0,0,0,0,0,4
324,2022-05-12,18183ed9,47,26,2:19,83,193,0,0,13,0,4,0,0,47,26,21,5,5,6,4,1,0,0,0,0,0,13
325,2022-05-12,9fd16759,53,19,1:34,65,241,0,0,20,0,0,0,0,53,19,12,2,5,7,2,0,0,0,0,0,0,0
326,2022-05-13,daaa308c,14,11,1:49,23,687,0,0,0,0,0,0,0,14,11,7,3,3,0,1,1,0,0,0,0,0,2
327,2022-05-13,65f27eeb,60,30,1:17,60,138,0,0,11,0,1,0,0,60,30,24,2,5,7,5,5,0,0,0,0,0,2
328,2022-05-13,cb3f2d09,34,13,1:42,44,183,0,0,24,0,3,0,0,34,13,12,4,3,7,2,0,0,0,0,0,0,3
329,2022-05-13,18183ed9,43,23,2:16,79,199,0,0,8,0,5,0,0,43,23,15,3,8,8,8,5,0,0,0,0,0,9
330,2022-05-13,9fd16759,62,12,2:00,67,231,0,0,5,0,1,0,0,62,12,11,1,4,4,1,0,0,0,0,0,0,0
331,2022-05-16,daaa308c,14,9,1:39,19,687,0,0,0,0,0,0,0,14,9,5,1,0,1,2,1,0,0,0,0,1,1
332,2022-05-16,65f27eeb,49,16,1:31,48,144,0,0,17,0,0,0,0,49,16,15,2,8,2,3,2,0,0,0,0,0,2
333,2022-05-16,cb3f2d09,44,20,2:03,63,175,0,0,2,0,2,0,0,44,20,20,3,6,4,4,0,0,0,0,0,0,5
334,2022-05-16,18183ed9,48,13,2:07,61,202,0,0,6,0,0,0,0,48,13,10,5,4,5,2,1,0,0,0,0,0,8
335,2022-05-16,9fd16759,51,12,1:31,47,220,0,0,0,0,0,0,0,51,12,9,2,4,6,3,0,0,0,0,0,0,0
336,2022-05-17,daaa308c,15,12,2:01,24,687,0,0,0,0,0,0,0,15,12,8,4,2,0,2,2,0,0,0,0,0,0
337,2022-05-17,65f27eeb,52,23,1:42,49,138,0,0,7,0,2,0,0,52,23,19,2,6,4,6,5,0,0,0,0,0,7
338,2022-05-17,cb3f2d09,37,18,1:31,56,169,0,0,0,0,1,0,0,37,18,17,1,7,4,3,0,0,0,0,0,0,2
339,2022-05-17,18183ed9,46,22,1:53,73,203,0,0,7,0,1,0,0,46,22,15,3,6,2,7,1,0,0,0,0,0,13
340,2022-05-17,9fd16759,60,11,1:52,62,228,0,0,12,0,0,0,0,60,11,9,1,4,7,2,0,0,0,0,0,0,0
341,2022-05-18,daaa308c,12,11,1:46,19,687,0,0,0,0,0,0,0,12,11,6,1,1,1,2,1,0,0,0,0,0,1
342,2022-05-18,65f27eeb,59,31,1:36,57,148,0,0,17,0,0,0,0,59,31,27,2,11,8,9,7,0,0,0,0,0,6
343,2022-05-18,cb3f2d09,48,21,2:06,81,165,0,0,5,0,0,0,0,48,21,18,0,5,6,6,0,0,0,0,0,0,4
344,2022-05-18,18183ed9,46,28,2:29,94,198,0,0,1,0,2,0,0,46,28,22,3,15,8,13,5,0,0,0,0,0,6
345,2022-05-18,9fd16759,64,17,2:04,74,234,0,0,14,0,0,0,0,64,17,15,1,5,8,3,1,0,0,0,0,0,0
346,2022-05-19,daaa308c,15,12,1:38,19,685,0,0,0,0,0,0,0,15,12,9,5,4,1,2,1,0,0,0,0,0,4
347,2022-05-19,65f27eeb,0,0,0,0,148,0,0,0,0,0,0,0,0,0,0,0,0,0,0,0,0,0,0,0,0,0
348,2022-05-19,cb3f2d09,42,23,1:49,63,171,0,0,15,0,1,0,0,42,23,23,1,12,9,5,0,0,0,0,0,0,7
349,2022-05-19,18183ed9,53,22,1:51,68,194,0,0,0,0,1,0,0,53,22,16,3,10,7,8,3,0,0,0,0,0,6
350,2022-05-19,9fd16759,44,15,2:03,63,224,0,0,0,0,0,0,0,44,15,10,2,7,10,3,0,0,0,0,0,0,0
351,2022-05-20,daaa308c,15,12,1:00,13,685,0,0,0,0,1,0,0,15,12,9,1,1,0,3,2,0,0,0,0,0,1
352,2022-05-20,65f27eeb,44,18,1:25,31,139,0,0,0,0,0,0,0,44,18,11,2,4,4,7,5,0,0,0,0,0,1
353,2022-05-20,cb3f2d09,27,13,2:24,52,165,0,0,0,0,0,0,0,27,13,13,1,4,0,0,0,0,0,0,0,0,1
354,2022-05-20,18183ed9,37,15,2:13,53,190,0,0,1,0,2,0,0,37,15,9,3,7,4,7,4,0,0,0,0,0,5
355,2022-05-20,9fd16759,51,19,2:31,90,228,0,0,15,0,0,0,0,51,19,13,2,10,11,8,0,0,0,0,0,0,0
356,2022-05-23,daaa308c,15,14,1:30,28,686,0,0,0,0,1,0,0,15,14,5,2,2,1,3,0,0,0,0,1,1,2
357,2022-05-23,65f27eeb,80,37,1:52,93,144,0,0,22,0,0,0,0,80,37,25,4,10,6,13,9,0,0,0,0,0,7
358,2022-05-23,cb3f2d09,62,32,2:01,107,160,0,0,3,0,0,0,0,62,32,32,2,9,5,3,2,0,0,0,0,0,6
359,2022-05-23,18183ed9,38,22,2:02,64,191,0,0,7,0,4,0,0,38,22,18,5,5,6,7,4,0,0,0,0,2,9
360,2022-05-23,9fd16759,58,22,1:57,85,231,0,0,10,0,1,0,0,58,22,16,3,7,10,4,1,0,0,0,0,0,0
361,2022-05-24,daaa308c,15,12,1:15,21,687,0,0,0,0,0,0,0,15,12,7,1,0,0,2,1,0,0,0,3,0,0
362,2022-05-24,65f27eeb,41,21,1:29,47,141,0,0,6,0,0,0,0,41,21,15,3,7,2,6,3,0,0,0,0,0,5
363,2022-05-24,cb3f2d09,51,23,1:27,62,162,0,0,10,0,0,0,0,51,23,23,2,9,7,3,0,0,0,0,0,0,6
364,2022-05-24,18183ed9,61,25,1:47,76,195,0,0,11,0,0,0,0,61,25,17,4,12,7,6,5,0,0,0,0,1,8
365,2022-05-24,9fd16759,57,19,2:37,102,243,0,0,14,0,0,0,0,57,19,16,1,6,6,5,1,0,0,0,0,0,0
366,2022-05-25,daaa308c,15,14,1:51,20,686,0,0,0,0,0,0,0,15,14,0,2,0,0,0,0,0,0,0,0,0,0
367,2022-05-25,65f27eeb,50,26,1:52,64,144,0,0,16,0,0,0,0,50,26,17,4,10,5,10,6,0,0,0,0,10,6
368,2022-05-25,cb3f2d09,40,16,2:01,73,169,0,0,14,0,0,0,0,40,16,15,3,5,3,4,0,0,0,0,0,0,4
369,2022-05-25,18183ed9,47,26,2:51,96,194,0,0,2,0,0,0,0,47,26,20,6,13,7,12,11,0,0,0,0,1,3
370,2022-05-25,9fd16759,38,13,2:19,55,239,0,0,3,0,0,0,0,38,13,10,3,5,5,3,2,0,0,0,0,0,0
371,2022-05-26,daaa308c,15,13,2:03,22,684,0,0,0,0,0,0,0,15,13,8,4,2,1,3,0,0,0,0,0,4,3
372,2022-05-26,65f27eeb,55,23,1:37,61,154,0,0,17,0,0,0,0,55,23,21,2,11,2,3,1,0,0,0,0,0,9
373,2022-05-26,cb3f2d09,40,15,1:30,47,176,0,0,9,0,0,0,0,40,15,15,1,3,4,0,0,0,0,0,0,0,5
374,2022-05-26,18183ed9,55,27,2:17,105,183,0,0,0,0,0,0,0,55,27,19,3,10,5,11,8,0,0,0,0,2,6
375,2022-05-26,9fd16759,55,14,2:00,59,230,0,0,0,0,0,0,0,55,14,7,2,4,7,5,2,0,0,0,0,0,0
376,2022-05-27,daaa308c,13,13,1:26,17,684,0,0,0,0,0,0,0,13,13,8,5,2,2,3,0,0,0,0,0,0,2
377,2022-05-27,65f27eeb,45,15,1:43,43,152,0,0,12,0,1,0,0,45,15,11,1,6,3,5,3,0,0,0,0,0,1
378,2022-05-27,cb3f2d09,44,20,1:53,58,169,0,0,7,0,1,0,0,44,20,18,2,6,6,3,0,0,0,0,0,0,4
379,2022-05-27,18183ed9,18,6,1:41,23,182,0,0,1,0,0,0,0,18,6,3,1,2,1,3,1,0,0,0,0,0,1
380,2022-05-27,9fd16759,41,10,1:42,36,229,0,0,0,0,0,0,0,41,10,7,3,1,2,0,0,0,0,0,0,0,0
381,2022-05-30,daaa308c,16,12,1:08,11,685,0,0,0,0,0,0,0,16,12,6,2,1,0,4,1,0,0,0,3,1,1
382,2022-05-30,65f27eeb,58,31,1:53,86,156,0,0,17,0,0,0,0,58,31,25,1,11,5,8,6,0,0,0,0,0,10
383,2022-05-30,cb3f2d09,30,18,1:26,47,163,0,0,2,0,0,0,0,30,18,16,3,5,1,2,0,0,0,0,0,0,4
384,2022-05-30,18183ed9,54,24,2:08,82,190,0,0,16,0,0,0,0,54,24,16,2,2,4,5,3,0,0,0,0,0,12
385,2022-05-30,9fd16759,43,15,1:19,40,243,0,0,0,0,0,0,0,43,15,11,1,2,2,0,0,0,0,0,0,0,0
386,2022-05-31,daaa308c,15,13,2:53,25,686,0,0,0,0,0,0,0,15,13,7,2,2,1,3,2,1,0,0,0,0,1
387,2022-05-31,65f27eeb,42,15,1:30,39,145,0,0,12,0,0,0,0,42,15,9,2,3,2,3,2,0,0,0,0,0,1
388,2022-05-31,cb3f2d09,36,15,1:32,52,168,0,0,10,0,0,0,0,36,15,13,3,2,5,4,1,0,0,0,0,0,7
389,2022-05-31,18183ed9,58,20,1:33,57,188,0,0,1,0,0,0,0,58,20,13,4,7,6,7,5,0,0,0,0,0,3
390,2022-05-31,9fd16759,66,15,1:49,83,240,0,0,11,0,0,0,0,66,15,10,1,4,5,2,0,0,0,0,0,0,0
391,2022-06-01,daaa308c,15,12,2:25,31,684,0,0,0,0,0,0,0,15,12,7,2,1,0,1,0,0,0,0,0,0,1
392,2022-06-01,65f27eeb,37,23,2:19,55,144,0,0,15,0,0,0,0,37,23,18,1,6,3,6,5,0,0,0,0,0,3
393,2022-06-01,cb3f2d09,46,23,1:49,65,163,0,0,1,0,0,0,0,46,23,16,3,4,6,10,2,0,0,0,0,0,4
394,2022-06-01,18183ed9,51,24,1:41,68,190,0,0,1,0,0,0,0,51,24,16,2,5,5,9,4,0,0,0,0,0,6
395,2022-06-01,9fd16759,68,17,1:18,55,253,0,0,25,0,0,0,0,68,17,14,1,0,4,1,0,0,0,0,0,0,0
396,2022-06-02,daaa308c,16,12,1:10,19,684,0,0,0,0,0,0,0,16,12,7,2,2,2,5,2,0,0,0,0,1,3
397,2022-06-02,65f27eeb,38,22,1:45,47,149,0,0,16,0,0,0,0,38,22,16,3,5,2,4,1,0,0,0,0,0,5
398,2022-06-02,cb3f2d09,37,23,2:02,67,154,0,0,1,0,0,0,0,37,23,18,1,7,11,11,1,1,0,0,0,0,4
399,2022-06-02,18183ed9,53,25,1:36,67,189,0,0,5,0,0,0,0,53,25,18,2,7,1,7,2,0,0,0,0,0,4
400,2022-06-02,9fd16759,71,13,1:26,61,262,0,0,13,0,0,0,0,71,13,10,2,2,2,2,1,0,0,0,0,0,0
401,2022-06-03,daaa308c,16,9,1:53,23,684,0,0,0,0,0,0,0,16,9,6,3,3,3,0,0,0,0,0,0,0,1
402,2022-06-03,65f27eeb,39,22,1:42,54,143,0,0,8,0,0,0,0,39,22,20,2,14,3,4,4,0,0,0,0,0,4
403,2022-06-03,cb3f2d09,43,15,1:27,49,151,0,0,7,0,0,0,0,43,15,12,1,3,3,7,1,0,0,0,0,0,2
404,2022-06-03,18183ed9,49,18,1:53,52,188,0,0,1,0,1,0,0,49,18,15,4,10,3,9,8,0,0,0,0,0,3
405,2022-06-03,9fd16759,52,16,2:01,60,273,0,0,14,0,0,0,0,52,16,10,2,4,4,4,1,0,0,0,0,0,0
406,2022-06-06,daaa308c,15,12,1:38,21,684,0,0,0,0,0,0,0,15,12,8,5,4,1,6,1,0,0,0,1,1,0
407,2022-06-06,65f27eeb,52,22,1:06,42,153,0,0,21,0,0,0,0,52,22,16,2,2,2,5,3,0,0,0,0,0,3
408,2022-06-06,cb3f2d09,48,19,1:31,56,152,0,0,11,0,0,0,0,48,19,13,3,1,6,9,0,0,0,0,0,0,2
409,2022-06-06,18183ed9,35,13,2:13,59,192,0,0,6,0,4,0,0,35,13,9,4,9,3,8,6,0,0,0,0,0,1
410,2022-06-06,9fd16759,63,11,1:52,70,271,0,0,8,0,0,0,0,63,11,6,2,6,6,4,2,0,0,0,0,0,0
411,2022-06-07,daaa308c,15,14,1:52,24,683,0,0,0,0,0,0,0,15,14,9,4,2,1,3,0,0,0,0,1,3,0
412,2022-06-07,65f27eeb,73,31,1:11,68,158,0,0,40,0,0,0,0,73,31,20,2,10,5,11,4,0,0,0,0,0,3
413,2022-06-07,cb3f2d09,40,20,2:00,58,145,0,0,5,0,0,0,0,40,20,12,2,2,6,9,0,0,0,0,0,0,5
414,2022-06-07,18183ed9,47,25,1:37,59,187,0,0,0,0,0,0,0,47,25,16,3,7,6,11,5,0,0,0,0,0,3
415,2022-06-07,9fd16759,53,12,1:51,50,265,0,0,0,0,2,0,0,53,12,8,1,2,2,1,0,0,0,0,0,0,0
416,2022-06-08,daaa308c,16,13,1:22,24,682,0,0,0,0,0,0,0,16,13,9,3,2,1,5,2,0,1,2,0,1,1
417,2022-06-08,65f27eeb,44,19,1:23,46,146,0,0,6,0,0,0,0,44,19,11,2,5,3,5,2,0,0,0,0,0,4
418,2022-06-08,cb3f2d09,44,21,1:46,58,155,0,0,16,0,0,0,0,44,21,18,2,2,5,3,0,0,0,0,0,0,7
419,2022-06-08,18183ed9,44,19,2:01,64,185,0,0,3,0,0,0,0,44,19,17,4,8,5,4,2,0,0,0,0,0,6
420,2022-06-08,9fd16759,66,16,1:34,50,275,0,0,25,0,0,0,0,66,16,10,2,3,5,1,0,0,0,0,0,0,0
421,2022-06-09,daaa308c,15,12,2:13,24,682,0,0,0,0,0,0,0,15,12,8,2,2,0,2,1,0,0,0,1,0,0
422,2022-06-09,65f27eeb,25,10,1:16,21,144,0,0,14,0,0,0,0,25,10,4,1,3,2,5,2,0,0,0,0,0,0
423,2022-06-09,cb3f2d09,41,18,1:50,62,160,0,0,15,0,0,0,0,41,18,15,3,4,8,8,0,0,0,0,0,0,8
424,2022-06-09,18183ed9,49,23,1:41,74,186,0,0,3,0,1,0,0,49,23,18,5,11,7,3,1,0,0,0,0,0,4
425,2022-06-09,9fd16759,68,11,1:29,46,246,0,0,0,0,0,0,0,68,11,5,3,2,3,4,2,0,0,0,0,0,0
426,2022-06-10,daaa308c,15,12,2:03,24,682,0,0,0,0,0,0,0,15,12,9,5,5,2,5,0,2,0,0,0,2,0
427,2022-06-10,65f27eeb,0,0,0,0,144,0,0,0,0,0,0,0,0,0,0,0,0,0,0,0,0,0,0,0,0,0
428,2022-06-10,cb3f2d09,23,8,2:18,41,157,0,0,0,0,0,0,0,23,8,6,2,2,3,4,1,0,0,0,0,0,1
429,2022-06-10,18183ed9,38,20,3:02,84,184,0,0,0,0,2,0,0,38,20,15,5,7,5,6,4,0,0,0,0,0,4
430,2022-06-10,9fd16759,55,13,1:35,55,233,0,0,0,0,0,0,0,55,13,5,3,1,4,3,1,0,0,0,0,0,0
431,2022-06-14,daaa308c,15,11,1:54,22,682,0,0,0,0,0,0,0,15,11,8,5,5,0,2,1,1,0,0,0,0,2
432,2022-06-14,65f27eeb,41,20,1:37,45,123,0,0,3,0,0,0,0,41,20,7,3,3,1,9,8,0,0,0,0,0,0
433,2022-06-14,cb3f2d09,0,0,0,0,158,0,0,0,0,0,0,0,0,0,0,0,0,0,0,0,0,0,0,0,0,0
434,2022-06-14,18183ed9,45,20,1:53,62,190,0,0,9,0,3,0,0,45,20,15,3,9,5,9,1,0,0,0,0,0,7
435,2022-06-14,9fd16759,46,14,1:22,47,227,0,0,6,0,2,0,0,46,14,4,1,4,5,2,1,0,0,0,0,0,0
436,2022-06-15,daaa308c,15,13,1:42,22,682,0,0,0,0,0,0,0,15,13,8,3,3,1,1,1,0,0,0,0,0,1
437,2022-06-15,65f27eeb,51,22,1:51,59,134,0,0,22,0,0,0,0,51,22,15,2,5,4,8,4,0,0,0,0,0,3
438,2022-06-15,cb3f2d09,40,15,1:49,63,159,0,0,7,0,0,0,0,40,15,11,4,1,3,5,0,0,0,0,0,0,3
439,2022-06-15,18183ed9,50,26,1:53,75,190,0,0,1,0,2,0,0,50,26,20,5,10,6,5,2,0,0,0,0,0,5
440,2022-06-15,9fd16759,65,16,1:21,58,229,0,0,11,0,1,0,0,65,16,11,2,3,5,6,3,0,0,0,0,0,0
441,2022-06-16,daaa308c,14,8,2:04,16,682,0,0,0,0,0,0,0,14,8,4,2,2,1,2,0,1,1,1,1,0,0
442,2022-06-16,65f27eeb,43,22,1:31,45,119,0,0,11,0,0,0,0,43,22,16,1,2,4,5,3,0,0,0,0,0,1
443,2022-06-16,cb3f2d09,49,17,1:33,52,161,0,0,9,0,0,0,0,49,17,11,2,0,4,7,0,0,0,0,0,0,4
444,2022-06-16,18183ed9,33,14,2:00,42,190,0,0,0,0,0,0,0,33,14,11,4,2,2,4,2,0,0,0,0,0,6
445,2022-06-16,9fd16759,65,11,1:33,63,232,0,0,8,0,0,0,0,65,11,8,2,3,3,2,1,0,0,0,0,0,0
446,2022-06-17,daaa308c,16,13,2:49,36,682,0,0,0,0,0,0,0,16,13,7,3,0,0,3,1,0,1,1,0,0,2
447,2022-06-17,65f27eeb,44,18,1:22,30,116,0,0,7,0,0,0,0,44,18,9,1,6,4,9,6,0,0,0,0,0,0
448,2022-06-17,cb3f2d09,53,24,1:42,67,158,0,0,9,0,0,0,0,53,24,15,1,2,11,11,5,0,0,0,0,0,2
449,2022-06-17,18183ed9,0,0,0,0,224,0,0,10,0,0,0,0,0,0,0,0,0,0,0,0,0,0,0,0,0,0
450,2022-06-17,9fd16759,51,9,1:51,66,190,0,0,0,0,0,0,0,51,9,5,4,3,2,1,1,0,0,0,0,0,0
451,2022-06-20,daaa308c,15,14,1:21,17,682,0,0,0,0,0,0,0,15,14,10,2,2,0,1,0,0,1,1,1,0,0
452,2022-06-20,65f27eeb,52,18,1:46,58,121,0,0,11,0,0,0,0,52,18,12,3,7,8,5,4,0,0,0,0,0,1
453,2022-06-20,cb3f2d09,42,18,2:16,79,151,0,0,0,0,0,0,0,42,18,13,2,1,2,7,1,0,0,0,0,0,5
454,2022-06-20,18183ed9,44,26,2:12,72,196,0,0,3,0,0,0,0,44,26,15,4,8,4,10,2,0,0,0,0,0,5
455,2022-06-20,9fd16759,50,15,1:33,48,210,0,0,17,0,0,0,0,50,15,13,3,5,9,4,2,0,0,0,0,0,0
456,2022-06-21,daaa308c,15,14,2:07,27,682,0,0,0,0,0,0,0,15,14,10,6,4,2,4,2,0,0,0,2,0,1
457,2022-06-21,65f27eeb,47,22,1:57,64,124,0,0,11,0,0,0,0,47,22,16,4,6,10,8,3,0,0,0,0,0,3
458,2022-06-21,cb3f2d09,67,25,1:47,80,161,0,0,19,0,0,0,0,67,25,21,5,3,15,8,0,0,0,0,0,0,4
459,2022-06-21,18183ed9,45,29,2:09,79,204,0,0,11,0,0,0,0,45,29,22,4,16,9,7,2,0,0,0,0,0,2
460,2022-06-21,9fd16759,51,13,1:55,59,206,0,0,35,0,0,0,0,51,13,9,3,6,6,5,1,0,0,0,0,0,0
461,2022-06-22,daaa308c,15,14,1:31,18,682,0,0,0,0,0,0,0,15,14,8,3,3,1,5,4,0,0,0,0,0,1
462,2022-06-22,65f27eeb,57,21,1:46,67,118,0,0,4,0,0,0,0,57,21,14,2,2,4,8,4,0,0,0,0,0,2
463,2022-06-22,cb3f2d09,57,18,1:47,53,166,0,0,11,0,0,0,0,57,18,15,3,3,6,6,3,0,0,0,0,0,4
464,2022-06-22,18183ed9,45,14,1:35,48,207,0,0,5,0,0,0,0,45,14,10,4,6,4,6,2,0,0,0,0,0,1
465,2022-06-22,9fd16759,48,8,2:05,54,203,0,0,28,0,0,0,0,48,8,8,2,6,6,3,0,0,0,0,0,0,0
466,2022-06-23,daaa308c,15,14,1:45,17,682,0,0,0,0,0,0,0,15,14,4,2,2,1,5,2,0,0,0,2,0,2
467,2022-06-23,65f27eeb,49,18,2:01,62,115,0,0,9,0,0,0,0,49,18,11,2,4,3,5,3,0,0,0,0,0,0
468,2022-06-23,cb3f2d09,65,27,1:26,75,172,0,0,12,0,0,0,0,65,27,25,3,5,9,8,2,0,0,0,0,0,8
469,2022-06-23,18183ed9,46,21,2:47,69,206,0,0,1,0,0,0,0,46,21,16,4,8,6,6,1,0,0,0,0,0,3
470,2022-06-23,9fd16759,54,10,1:48,54,194,0,0,11,0,0,0,0,54,10,5,1,3,3,2,1,0,0,0,0,0,0
471,2022-06-24,daaa308c,14,14,1:09,12,683,0,0,0,0,0,0,0,14,14,9,2,2,0,4,1,1,0,0,0,0,2
472,2022-06-24,65f27eeb,51,23,1:52,65,114,0,0,9,0,0,0,0,51,23,16,1,6,9,12,8,0,0,0,0,0,4
473,2022-06-24,cb3f2d09,52,12,1:59,55,171,0,0,7,0,0,0,0,52,12,9,1,4,4,7,4,0,1,0,0,0,1
474,2022-06-24,18183ed9,38,15,2:07,57,206,0,0,0,0,0,0,0,38,15,12,3,4,4,1,0,0,0,0,0,0,2
475,2022-06-24,9fd16759,47,12,1:37,42,194,0,0,11,0,0,0,0,47,12,7,2,5,5,4,1,0,0,0,0,0,0
476,2022-06-27,daaa308c,15,13,1:37,21,682,0,0,0,0,0,0,0,15,13,9,3,0,1,2,0,1,0,0,2,1,2
477,2022-06-27,65f27eeb,71,32,1:47,71,120,0,0,19,0,0,0,0,71,32,25,1,10,9,13,4,0,0,0,0,0,3
478,2022-06-27,cb3f2d09,68,27,1:39,81,171,0,0,9,0,0,0,0,68,27,23,2,2,11,10,1,0,0,0,0,0,2
479,2022-06-27,18183ed9,56,28,1:50,62,226,0,0,21,0,0,0,0,56,28,22,4,9,9,4,1,0,0,0,0,0,8
480,2022-06-27,9fd16759,55,14,1:30,58,199,0,0,13,0,0,0,0,55,14,10,2,5,7,5,3,0,0,0,0,0,0
481,2022-06-28,daaa308c,14,13,2:06,14,682,0,0,0,0,0,0,0,14,13,7,2,0,0,7,0,2,0,0,1,0,1
482,2022-06-28,65f27eeb,0,0,0,0,120,0,0,0,0,0,0,0,0,0,0,0,0,0,0,0,0,0,0,0,0,0
483,2022-06-28,cb3f2d09,55,16,1:24,51,175,0,0,0,0,0,0,0,55,16,10,1,1,3,7,0,0,0,0,0,0,4
484,2022-06-28,18183ed9,44,17,1:51,66,226,0,0,11,0,0,0,0,44,17,13,2,10,5,5,1,0,0,0,0,0,4
485,2022-06-28,9fd16759,58,12,1:44,48,193,0,0,6,0,0,0,0,58,12,9,1,7,3,3,1,0,0,0,0,0,0
486,2022-06-29,daaa308c,15,13,1:15,15,682,0,0,0,0,0,0,0,15,13,5,3,0,2,3,0,0,0,1,0,0,1
487,2022-06-29,65f27eeb,50,19,2:14,64,125,0,0,14,0,0,0,0,50,19,14,2,4,1,3,1,0,0,0,0,0,3
488,2022-06-29,cb3f2d09,62,23,1:44,76,177,0,0,12,0,0,0,0,62,23,21,2,2,7,9,3,0,0,0,0,0,2
489,2022-06-29,18183ed9,50,26,1:57,79,227,0,0,2,0,0,0,0,50,26,21,4,8,9,7,5,0,0,0,0,0,9
490,2022-06-29,9fd16759,53,11,2:15,58,189,0,0,1,0,0,0,0,53,11,7,1,4,6,4,0,0,0,0,0,0,0
491,2022-06-30,daaa308c,15,15,1:01,14,682,0,0,0,0,0,0,0,15,15,9,2,0,0,0,0,0,0,0,0,0,2
492,2022-06-30,65f27eeb,50,16,1:52,58,117,0,0,5,0,0,0,0,50,16,11,3,7,3,6,4,0,0,0,0,0,2
493,2022-06-30,cb3f2d09,49,17,1:25,63,183,0,0,8,0,0,0,0,49,17,19,1,3,2,2,0,0,0,0,0,0,1
494,2022-06-30,18183ed9,44,19,1:58,66,227,0,0,0,0,0,0,0,44,19,13,3,8,5,8,2,0,0,0,0,0,4
495,2022-06-30,9fd16759,51,9,1:32,52,190,0,0,7,0,0,0,0,51,9,8,1,2,6,4,0,0,0,0,0,0,0
